{
  "accuracy": 0.5373084610259827,
  "precision": 0.5967443581206068,
  "recall": 0.8436192468619247,
  "f1": 0.6990249187432286,
  "total_samples": 3002,
  "correct_predictions": 1613,
  "metrics_by_rating": {
    "-1": {
      "tp": 727,
      "fp": 682,
      "fn": 0,
      "total": 1409
    },
    "0": {
      "tp": 259,
      "fp": 408,
      "fn": 0,
      "total": 667
    },
    "1": {
      "tp": 627,
      "fp": 0,
      "fn": 299,
      "total": 926
    }
  },
  "model": "meta-llama/Meta-Llama-3.1-8B-Instruct-Turbo",
  "timestamp": "2024-12-12T17:56:41.447709",
  "dataset": "../datasets/phase1_train.jsonl",
  "sample_size": 50
}