{
    "num_problems": 504,
    "num_correct": 258,
    "accuracy": 0.5119047619047619,
    "total_tokens": 333997,
    "avg_tokens": 662.6924603174604
}