{
  "accuracy": 0.5580299785867238,
  "precision": 0.6114500234631628,
  "recall": 0.8646317186463172,
  "f1": 0.7163276525563497,
  "total_samples": 2335,
  "correct_predictions": 1303,
  "metrics_by_rating": {
    "-1": {
      "tp": 581,
      "fp": 828,
      "fn": 0,
      "total": 1409
    },
    "0": {
      "tp": 0,
      "fp": 0,
      "fn": 0,
      "total": 0
    },
    "1": {
      "tp": 722,
      "fp": 0,
      "fn": 204,
      "total": 926
    }
  },
  "model": "meta-llama/Meta-Llama-3.1-8B-Instruct-Turbo",
  "timestamp": "2024-12-12T18:17:27.343274",
  "dataset": "../datasets/phase1_train.jsonl",
  "sample_size": 50
}