{
    "num_problems": 71,
    "num_correct": 51,
    "accuracy": 0.7183098591549296,
    "total_tokens": 564190,
    "avg_tokens": 7946.338028169014
}