{
  "accuracy": 0.5507246376811594,
  "precision": 0.6909090909090909,
  "recall": 0.7307692307692307,
  "f1": 0.7102803738317757,
  "total_samples": 138,
  "correct_predictions": 76,
  "metrics_by_rating": {
    "-1": {
      "tp": 31,
      "fp": 7,
      "fn": 0,
      "total": 38
    },
    "0": {
      "tp": 10,
      "fp": 27,
      "fn": 0,
      "total": 37
    },
    "1": {
      "tp": 35,
      "fp": 0,
      "fn": 28,
      "total": 63
    }
  },
  "model": "meta-llama/Meta-Llama-3.1-8B-Instruct-Turbo",
  "timestamp": "2024-12-12T17:24:58.759435",
  "dataset": "../datasets/phase1_train.jsonl",
  "sample_size": 5
}