{
    "num_problems": 327,
    "num_correct": 190,
    "accuracy": 0.581039755351682,
    "total_tokens": 500399,
    "avg_tokens": 1530.2721712538225
}