{
  "accuracy": 0.6641883519206939,
  "precision": 1.0,
  "recall": 0.6641883519206939,
  "f1": 0.7982129560685034,
  "total_samples": 1614,
  "correct_predictions": 1072,
  "metrics_by_rating": {
    "-1": {
      "tp": 0,
      "fp": 0,
      "fn": 0
    },
    "0": {
      "tp": 0,
      "fp": 0,
      "fn": 0
    },
    "1": {
      "tp": 1072,
      "fp": 0,
      "fn": 542
    }
  },
  "model": "meta-llama/Meta-Llama-3.1-8B-Instruct-Turbo",
  "timestamp": "2024-12-12T01:06:25.739452",
  "dataset": "phase1_train.jsonl",
  "sample_size": 100
}