{
  "accuracy": 0.6505576208178439,
  "precision": 1.0,
  "recall": 0.6505576208178439,
  "f1": 0.7882882882882882,
  "total_samples": 1614,
  "correct_predictions": 1050,
  "metrics_by_rating": {
    "-1": {
      "tp": 0,
      "fp": 0,
      "fn": 0
    },
    "0": {
      "tp": 0,
      "fp": 0,
      "fn": 0
    },
    "1": {
      "tp": 1050,
      "fp": 0,
      "fn": 564
    }
  },
  "model": "meta-llama/Meta-Llama-3.1-8B-Instruct-Turbo",
  "timestamp": "2024-12-12T00:10:21.795579",
  "dataset": "phase1_train.jsonl",
  "sample_size": 100
}