{
  "accuracy": 0.6480793060718711,
  "precision": 1.0,
  "recall": 0.6480793060718711,
  "f1": 0.7864661654135339,
  "total_samples": 1614,
  "correct_predictions": 1046,
  "metrics_by_rating": {
    "-1": {
      "tp": 0,
      "fp": 0,
      "fn": 0
    },
    "0": {
      "tp": 0,
      "fp": 0,
      "fn": 0
    },
    "1": {
      "tp": 1046,
      "fp": 0,
      "fn": 568
    }
  },
  "model": "meta-llama/Meta-Llama-3.1-8B-Instruct-Turbo",
  "timestamp": "2024-12-12T00:51:51.096668",
  "dataset": "phase1_train.jsonl",
  "sample_size": 100
}