{
  "accuracy": 0.6765799256505576,
  "precision": 1.0,
  "recall": 0.6765799256505576,
  "f1": 0.8070953436807095,
  "total_samples": 1614,
  "correct_predictions": 1092,
  "metrics_by_rating": {
    "-1": {
      "tp": 0,
      "fp": 0,
      "fn": 0,
      "total": 0
    },
    "0": {
      "tp": 0,
      "fp": 0,
      "fn": 0,
      "total": 0
    },
    "1": {
      "tp": 1092,
      "fp": 0,
      "fn": 522,
      "total": 1614
    }
  },
  "model": "meta-llama/Meta-Llama-3.1-8B-Instruct-Turbo",
  "timestamp": "2024-12-12T01:19:35.422861",
  "dataset": "phase1_train.jsonl",
  "sample_size": 100
}