{
    "num_problems": 42,
    "num_correct": 20,
    "accuracy": 0.47619047619047616,
    "total_tokens": 719277,
    "avg_tokens": 17125.64285714286
}