{
    "num_problems": 42,
    "num_correct": 16,
    "accuracy": 0.38095238095238093,
    "total_tokens": 733237,
    "avg_tokens": 17458.02380952381
}