{
    "num_problems": 87,
    "num_correct": 41,
    "accuracy": 0.47126436781609193,
    "total_tokens": 1711534,
    "avg_tokens": 19672.80459770115
}