{
  "accuracy": 0.6737588652482269,
  "precision": 0.7109448082319925,
  "recall": 0.927960927960928,
  "f1": 0.8050847457627118,
  "total_samples": 2256,
  "correct_predictions": 1520,
  "metrics_by_rating": {
    "-1": {
      "tp": 731,
      "fp": 618,
      "fn": 0,
      "total": 1349
    },
    "0": {
      "tp": 0,
      "fp": 0,
      "fn": 0,
      "total": 0
    },
    "1": {
      "tp": 789,
      "fp": 0,
      "fn": 118,
      "total": 907
    }
  },
  "model": "meta-llama/Llama-3.3-70B-Instruct-Turbo",
  "timestamp": "2024-12-12T18:21:15.630660",
  "dataset": "../datasets/phase1_train.jsonl",
  "sample_size": 50
}