{
    "num_problems": 22,
    "num_correct": 14,
    "accuracy": 0.6363636363636364,
    "total_tokens": 27459,
    "avg_tokens": 1248.1363636363637
}