{
    "num_problems": 29,
    "num_correct": 18,
    "accuracy": 0.6206896551724138,
    "total_tokens": 40389,
    "avg_tokens": 1392.7241379310344
}