{
    "num_problems": 42,
    "num_correct": 17,
    "accuracy": 0.40476190476190477,
    "total_tokens": 1020976,
    "avg_tokens": 24308.95238095238
}