{
    "num_problems": 504,
    "num_correct": 403,
    "accuracy": 0.7996031746031746,
    "total_tokens": 321324,
    "avg_tokens": 637.547619047619
}