{
  "accuracy": 0.7271948608137045,
  "precision": 0.7700680272108843,
  "recall": 0.9288840262582057,
  "f1": 0.8420530622365485,
  "total_samples": 2335,
  "correct_predictions": 1698,
  "metrics_by_rating": {
    "-1": {
      "tp": 902,
      "fp": 507,
      "fn": 0,
      "total": 1409
    },
    "0": {
      "tp": 0,
      "fp": 0,
      "fn": 0,
      "total": 0
    },
    "1": {
      "tp": 796,
      "fp": 0,
      "fn": 130,
      "total": 926
    }
  },
  "model": "meta-llama/Llama-3.3-70B-Instruct-Turbo",
  "timestamp": "2024-12-12T18:38:50.339585",
  "dataset": "../datasets/phase1_train.jsonl",
  "sample_size": 50
}