{
    "num_problems": 494,
    "num_correct": 213,
    "accuracy": 0.4311740890688259,
    "total_tokens": 1112824,
    "avg_tokens": 2252.68016194332
}