{
  "accuracy": 0.6235294117647059,
  "precision": 0.7644230769230769,
  "recall": 0.7718446601941747,
  "f1": 0.7681159420289854,
  "total_samples": 255,
  "correct_predictions": 159,
  "metrics_by_rating": {
    "-1": {
      "tp": 77,
      "fp": 49,
      "fn": 0,
      "total": 126
    },
    "0": {
      "tp": 0,
      "fp": 0,
      "fn": 0,
      "total": 0
    },
    "1": {
      "tp": 82,
      "fp": 0,
      "fn": 47,
      "total": 129
    }
  },
  "model": "meta-llama/Meta-Llama-3.1-8B-Instruct-Turbo",
  "timestamp": "2024-12-12T18:24:15.915305",
  "dataset": "../datasets/phase1_train.jsonl",
  "sample_size": 10
}