{
    "num_problems": 504,
    "num_correct": 407,
    "accuracy": 0.8075396825396826,
    "total_tokens": 329117,
    "avg_tokens": 653.0099206349206
}