{
  "accuracy": 0.593576017130621,
  "precision": 0.6912718204488778,
  "recall": 0.8076923076923077,
  "f1": 0.7449610319806503,
  "total_samples": 2335,
  "correct_predictions": 1386,
  "metrics_by_rating": {
    "-1": {
      "tp": 790,
      "fp": 619,
      "fn": 0,
      "total": 1409
    },
    "0": {
      "tp": 0,
      "fp": 0,
      "fn": 0,
      "total": 0
    },
    "1": {
      "tp": 596,
      "fp": 0,
      "fn": 330,
      "total": 926
    }
  },
  "model": "meta-llama/Meta-Llama-3.1-8B-Instruct-Turbo",
  "timestamp": "2024-12-12T18:27:54.207562",
  "dataset": "../datasets/phase1_train.jsonl",
  "sample_size": 50
}