{
    "num_problems": 504,
    "num_correct": 272,
    "accuracy": 0.5396825396825397,
    "total_tokens": 378784,
    "avg_tokens": 751.5555555555555
}