{
    "num_problems": 42,
    "num_correct": 8,
    "accuracy": 0.19047619047619047,
    "total_tokens": 372503,
    "avg_tokens": 8869.119047619048
}