{
    "num_problems": 42,
    "num_correct": 16,
    "accuracy": 0.38095238095238093,
    "total_tokens": 470561,
    "avg_tokens": 11203.833333333334
}